Releve_number,Cover_abundance_scale,Date_yearmonthday,Syntaxon_code,Releve_area_m2,Altitude_m,Aspect_degrees,Slope_degrees,Cover_total_perc,Cover_tree_layer_perc,Cover_shrub_layer_perc,Cover_herb_layer_perc,Cover_moss_layer_perc,Height_high_tree_layer_m,Height_high_shrub_layer_m,Height_high_herb_layer_cm,Max_height_herb_layer_cm,Mosses_identified_yn,Lichens_identified_yn,Remarks,Coordinate_system,Syntaxon_MORAVEC,Resurvey,For_evy,Rs_project,Rs_site,Rs_plot,Rs_observ,Plot_shape,Manipulate,Maniptyp,Loc_method,Longitude,Latitude,deg_long,deg_lat,Precision,Locality,Ceba_grid,Field.nr,Habitat,Geology,Soil,Bias_gps,Oldtvnr,Photo_nr,Soil_ph,protected,site,ESY,ESY0
403498,1,NA,26AE,16,230,135,15,-1,0,0,100,5,0,0,0,0,Y,Y,Inulo (ensifoliae) - Caricetum humilis,NA,NA,Y,Y,SMoravia_basiphilous_grass,SMoravia,1,1980,NA,NA,NA,NA,165827.86,490815.79,16.97440556,49.13771944,0,"Marefy - stráň, cca 1,2 km J od nádraží. (SPR Šévy).",NA,NA,NA,NA,NA,0,0,NA,0,Y,1,THE03,THE03
791263,2,20220514,NA,16,238,130,15,0,0,0,90,20,0,0,10,70,N,N,NA,1,NA,Y,NA,SMoravia_basiphilous_grass,SMoravia,1,2022,square,N,NA,6,165826.8,490813.4,16.97411111,49.13705556,5,PR Šévy,NA,TKK001,"širokolistý trávník v dolní části svahu, pravděpodobně sečené",NA,hlinitá,5,403498,151551-151553,7.69,Y,1,THE03,THE03
502048,1,NA,27AA03,16,240,135,17,-1,0,0,100,5,0,0,0,0,Y,N,NA,NA,NA,Y,Y,SMoravia_basiphilous_grass,SMoravia,2,1980,NA,NA,NA,NA,165829.11,490818.19,16.97475278,49.13838611,0,"Marefy (Středomoravské karpaty), stráň 1,2 km J od nádraží (SPR Šéfy)",NA,NA,NA,NA,NA,0,0,NA,0,Y,1,THH,THH
791264,2,20220514,NA,16,233,145,15,0,0,0,95,10,0,0,15,100,N,N,NA,1,NA,Y,NA,SMoravia_basiphilous_grass,SMoravia,2,2022,square,N,NA,6,165824.7,490809.4,16.97352778,49.13594444,5,PR Šévy,NA,TKK002,širokolistý trávník s dominancí smldníku jeleního v dolní části svahu,NA,hlinitá,5,502048,162757-162834,7.61,Y,1,THE03,THH
403499,1,NA,26AE,16,230,180,23,-1,0,0,100,5,0,0,0,0,Y,Y,Inulo (ensifoliae) - Caricetum humilis,NA,NA,Y,Y,SMoravia_basiphilous_grass,SMoravia,3,1980,NA,NA,NA,NA,165827.16,490814.45,16.97421111,49.13734722,0,"Marefy - stráň, cca 1,2 km J od nádraží. (SPR Šévy).",NA,NA,NA,NA,NA,0,0,NA,0,Y,1,THE03,THE03
791265,2,20220514,NA,16,235,145,20,0,0,0,95,10,0,0,15,50,N,N,NA,1,NA,Y,NA,SMoravia_basiphilous_grass,SMoravia,3,2022,square,N,NA,6,165823.4,490808.1,16.97316667,49.13558333,5,PR Šévy,NA,TKK003,širokolistý trávník v dolní části svahu,NA,hlinitá,5,403499,170836-172143,7.68,Y,1,THE03,THE03
403504,1,NA,26AE,16,220,270,20,-1,0,0,100,10,0,0,0,0,Y,Y,Inulo (ensifoliae) - Caricetum humilis,NA,NA,Y,Y,SMoravia_basiphilous_grass,SMoravia,4,1980,NA,NA,NA,NA,165836.98,490810.15,16.97693889,49.13615278,0,"Marefy - stráňka, cca 1,3 km JJV od nádraží.",NA,NA,NA,NA,NA,0,0,NA,0,N,2,THE03,THE03
791266,2,20220515,NA,16,233,245,15,0,0,0,100,20,0,0,30,60,N,N,Asteraceae +,1,NA,Y,NA,SMoravia_basiphilous_grass,SMoravia,4,2022,square,N,NA,6,165836.6,490808.7,16.97683333,49.13575,5,"Marefy, stráňka na protějším svahu od PR Šévy",NA,TKK004,"zarůstající širokolistý trávník, nesečený, akumulovaná stařina, v okolí křoviny",NA,hlinitá,5,403504,0612-0617,7.79,N,2,THE,THE03
403503,1,NA,26AE,16,220,270,20,-1,0,0,98,25,0,0,0,0,Y,Y,Inulo (ensifoliae) - Caricetum humilis,NA,NA,Y,Y,SMoravia_basiphilous_grass,SMoravia,5,1980,NA,NA,NA,NA,165837.1,490811.5,16.97697222,49.13652778,0,"Marefy - stráňka, cca 1,3 km JJV od nádraží.",NA,NA,NA,NA,NA,0,0,NA,0,N,2,THE03,THE03
791267,2,20220515,NA,16,238,260,18,0,0,25,85,0,0,1.3,40,70,N,N,Asteraceae +,1,NA,Y,NA,SMoravia_basiphilous_grass,SMoravia,5,2022,square,N,NA,6,165836.6,490809.9,16.97683333,49.13608333,4,"Marefy, stráňka na protějším svahu od PR Šévy",NA,TKK005,"zarůstající širokolistý trávník, nesečený, akumulovaná stařina, listový opad (Fagus)",NA,hlinitá,4,403503,0618-0622,7.72,N,2,THE,THE03
403482,1,NA,26AE,16,230,180,16,-1,0,0,98,10,0,0,0,0,Y,Y,Inulo (ensifoliae) - Caricetum humilis,NA,NA,Y,Y,SMoravia_basiphilous_grass,SMoravia,6,1980,NA,NA,NA,NA,165829.44,490818.3,16.97484444,49.13841667,0,"Marefy - stráň s V - (JV) expozicí, cca 1,2 km J od nádraží. (SPR Šévy).",NA,NA,NA,NA,NA,0,0,NA,0,Y,1,THE03,THE03
791268,2,20220515,NA,16,233,125,15,0,0,0,90,20,0,0,15,60,N,N,NA,1,NA,Y,NA,SMoravia_basiphilous_grass,SMoravia,6,2022,square,N,NA,6,165826.2,490811.7,16.97394444,49.13658333,4,"Marefy, PR Šévy, S část rezervace",NA,TKK006,"širokolistý trávník v dolní části svyhu, sečené",NA,hlinitá,4,403482,0623-0629,7.68,Y,1,THE03,THE03
403585,1,NA,NA,16,260,315,15,-1,0,0,100,35,0,0,0,0,Y,Y,NA,NA,NA,Y,Y,SMoravia_basiphilous_grass,SMoravia,7,1980,NA,NA,NA,NA,172040.22,491332.23,17.34450556,49.22561944,0,"Cvrčovice - travnatá deprese v polích, cca 0,7 km VSV obce.",NA,NA,NA,NA,NA,0,0,NA,0,N,3,THE,THE
791269,2,20220604,NA,16,273,300,10,0,0,0,85,20,0,0,20,80,N,N,NA,1,NA,Y,NA,SMoravia_basiphilous_grass,SMoravia,7,2022,square,N,NA,6,172039.844,491331.287,17.3444,49.22535556,3,"Cvrčovice, travnatá stráň, 530 m VSV od kapličky v obci",NA,TKK007,"mezofilnější trávník s Brachypodium pinnatum, hodně stařiny",NA,hlinitá,3,403585,0760-0771,7.25,N,3,TDA01,THE
403586,1,NA,NA,16,260,45,15,-1,0,0,97,25,0,0,0,0,Y,Y,NA,NA,NA,Y,Y,SMoravia_basiphilous_grass,SMoravia,8,1980,NA,NA,NA,NA,172040.3,491332.03,17.34452778,49.22556389,0,"Cvrčovice - travnatá deprese v polích, cca 0,7 km VSV obce.",NA,NA,NA,NA,NA,0,0,NA,0,N,3,THE,THE
791270,2,20220604,NA,16,301,310,10,0,0,0,85,10,0,0,20,80,N,N,NA,1,NA,Y,NA,SMoravia_basiphilous_grass,SMoravia,8,2022,square,N,NA,6,172047.145,491329.739,17.34642778,49.224925,3,"Cvrčovice, travnatá stráň, 640 m V od kapličky v obci",NA,TKK008,"mezofilnější trávník na okraji lesa, možná sečené, pastva (ukousnutá Knautia, Ranunculus)",NA,hlinitá,3,403586,0772-0783,6.41,N,3,TDA01,THE
403544,1,NA,NA,16,270,NA,NA,-1,0,0,100,2,0,0,0,0,Y,Y,NA,NA,NA,Y,Y,SMoravia_basiphilous_grass,SMoravia,9,1980,NA,NA,NA,NA,171900.27,491326.75,17.31674167,49.22409722,0,"Zdounky - úvoz polní cesty při silnici na Bunč, cca 0,7 km J od nádraží.",NA,NA,NA,NA,NA,0,0,NA,0,N,4,THF,THF
791271,2,20220604,NA,16,275,360,2,0,0,0,70,0,0,0,40,150,N,N,NA,1,NA,Y,NA,SMoravia_basiphilous_grass,SMoravia,9,2022,square,N,NA,6,171858.357,491326.74,17.31620833,49.22409444,4,"Zdounky, úvoz polní cesty při silnici na Bunč",NA,TKK009,"mezofilnější trávník u polní cesty s dominancí Arrhenatherum elatius, hodně stařiny",NA,hlinitá,4,403544,0788-0796,7.76,N,4,TDA,THF
403610,1,NA,NA,16,270,135,30,-1,0,0,100,35,0,0,0,0,Y,Y,NA,NA,NA,Y,Y,SMoravia_basiphilous_grass,SMoravia,10,1980,NA,NA,NA,NA,171900.04,491326.64,17.31667778,49.22406667,0,"Zdounky - úvoz polní cesty při silnici na Bunč, cca 0,7 km J od nádraží.",NA,NA,NA,NA,NA,0,0,NA,0,N,4,THE,THE
791272,2,20220604,NA,16,283,150,35,0,0,5,70,0,0,1,30,150,N,N,NA,1,NA,Y,NA,SMoravia_basiphilous_grass,SMoravia,10,2022,square,N,NA,6,171858.959,491326.152,17.316375,49.22393056,3,"Zdounky, úvoz polní cesty při silnici na Bunč",NA,TKK010,"mezofilnější trávník na svahu nad polní cestou, nad svahem křoviny (Rosa, Crataegus), hodně stařiny",NA,hlinitá,3,403610,0797-0808,7.85,N,4,THE,THE
403565,1,NA,NA,16,280,180,15,-1,0,0,100,15,0,0,0,0,Y,Y,NA,NA,NA,Y,Y,SMoravia_basiphilous_grass,SMoravia,11,1980,NA,NA,NA,NA,171856.29,491305.7,17.31563611,49.21825,0,"Zdounky - stráňka, cca 1,2 km J od nádraží. (SPR Drážov).",NA,NA,NA,NA,NA,0,0,NA,0,Y,5,THE03,THE03
791273,2,20220604,NA,16,286,245,15,0,0,0,80,0,0,0,20,120,N,N,NA,1,NA,Y,NA,SMoravia_basiphilous_grass,SMoravia,11,2022,square,N,NA,6,171855.603,491305.447,17.31544444,49.21817778,3,"Zdounky, PP Drážov, cca 1 km JJZ od kostela",NA,TKK011,"mezofilnější trávník s Bromus erectus a Arrhenatherum elatius, hodně stařiny",NA,hlinitá,3,403565,0844-0854,7.66,Y,5,THE03,THE03
502051,1,NA,27AA03,16,290,180,30,-1,0,0,100,10,0,0,0,0,Y,N,NA,NA,NA,Y,Y,SMoravia_basiphilous_grass,SMoravia,13,1980,NA,NA,NA,NA,170814.96,490945.25,17.13748889,49.16256944,0,"Brankovice (Středomoravské karpaty), zarůstajicí stráň při SV okraji obce cca 1,3 km SSV od nádraží",NA,NA,NA,NA,NA,0,0,NA,0,N,6,+,+
791275,2,20220616,NA,16,278,200,30,0,40,15,60,0,0,1.5,20,100,N,N,NA,1,NA,Y,NA,SMoravia_basiphilous_grass,SMoravia,13,2022,square,N,NA,6,170816.229,490944.974,17.13783889,49.16249167,3,"Brankovice, lesní světlina, cca 1,3 km SSV od železniční stanice, bývalá PP Přední Galašek",NA,TKK013,"lesní světlina, 5 m od přístřešku, shromaždiště odpadků (pneumatika, plasty, překližka...)",NA,hlinitá,3,502051,0890-0907,7.83,N,6,?,+
403496,1,NA,26AE,16,270,225,40,-1,0,0,90,15,0,0,0,0,Y,Y,Inulo (ensifoliae) - Caricetum humilis,NA,NA,Y,Y,SMoravia_basiphilous_grass,SMoravia,14,1980,NA,NA,NA,NA,170821.25,490939.42,17.13923611,49.16095,0,"Brankovice - zarůstající stráň při SV okraji obce, cca 1,3 km SSV od nádraží. (s přilehlými sady).",NA,NA,NA,NA,NA,0,0,NA,0,N,6,THE03,THE03
791276,2,20220616,NA,16,253,210,30,0,40,1,60,0,0,2,30,100,N,N,NA,1,NA,Y,NA,SMoravia_basiphilous_grass,SMoravia,14,2022,square,N,NA,6,170816.319,490944.678,17.13786389,49.16240833,3,"Brankovice, lesní světlina, cca 1,3 km SSV od železniční stanice, bývalá PP Přední Galašek",NA,TKK014,"širokolistý trávník na lesní světlině, nedaleko přístřešek, odpadky",NA,hlinitá,3,403496,0908-0919,7.84,N,6,?,THE03
403657,1,NA,NA,16,270,90,50,-1,0,0,100,0,0,0,0,0,Y,Y,NA,NA,NA,Y,Y,SMoravia_basiphilous_grass,SMoravia,15,1980,NA,NA,NA,NA,170821.81,490938.94,17.13939167,49.16081667,0,"Brankovice - zarůstající stráň při SV okraji obce, cca 1,3 km SSV od nádraží (s přilehlými sady).",NA,NA,NA,NA,NA,0,0,NA,0,N,6,THE,THE
791277,2,20220616,NA,16,257,NA,0,0,0,0,90,5,0,0,60,160,N,N,NA,1,NA,Y,NA,SMoravia_basiphilous_grass,SMoravia,15,2022,square,N,NA,6,170805.459,490945.852,17.13484722,49.16273611,3,"Brankovice, okraj pole u silnice kolem vodní nádrže Hlavatka, cca 1,3 km S od železniční stanice",NA,TKK015,ruderální trávník s dominancí Arrhenatherum elatius na okraji pole,NA,hlinitá,3,403657,0920-0932,7.89,N,6,XCC,THE
403493,1,NA,26AE,16,270,225,33,-1,0,0,98,5,0,0,0,0,Y,Y,Inulo (ensifoliae) - Caricetum humilis,NA,NA,Y,Y,SMoravia_basiphilous_grass,SMoravia,16,1980,NA,NA,NA,NA,170821.67,490939.1,17.13935278,49.16086111,0,"Brankovice - zarůstající stráň při SV okraji obce, cca 1,3 km SSV od nádraží (s přilehlými sady).",NA,NA,NA,NA,NA,0,0,NA,0,N,6,THE03,THE03
791278,2,20220616,NA,16,277,210,30,0,30,10,60,5,0,2,30,70,N,N,NA,1,NA,Y,NA,SMoravia_basiphilous_grass,SMoravia,16,2022,square,N,NA,6,170817.594,490943.584,17.13821944,49.16210556,4,"Brankovice, lesní světlina, 1,3 km SSV od železniční stanice",NA,TKK016,"lesní světlina, nad ní liščí nora",NA,hlinitá,4,403493,0933-0945,7.96,N,6,LCA,THE03
403655,1,NA,26BA,16,270,270,17,-1,0,0,100,5,0,0,0,0,Y,Y,NA,NA,NA,Y,Y,SMoravia_basiphilous_grass,SMoravia,17,1980,NA,NA,NA,NA,170111.89,490743.39,17.01996944,49.12871944,0,"Kloboučky - stráně - nad potokem Kloboučka, cca 0,8 km JV obce. (SPR Baračka).",NA,NA,NA,NA,NA,0,0,NA,0,Y,7,THE,THE
791279,2,20220618,NA,16,255,285,28,0,0,0,95,60,0,0,40,140,N,N,Thymus cf. praecox,1,NA,Y,NA,SMoravia_basiphilous_grass,SMoravia,17,2022,square,N,NA,6,170110.97,490743.656,17.01971389,49.12879167,3,"Kloboučky, PP Baračka, cca 0,8 km JV od obce",NA,TKK017,širokolistý trávník na svahu mezi křovinami,NA,hlinitá,3,403655,0946-0955,7.73,Y,7,THE,THE
403653,1,NA,26BA,16,270,180,10,-1,0,0,100,20,0,0,0,0,Y,Y,NA,NA,NA,Y,Y,SMoravia_basiphilous_grass,SMoravia,18,1980,NA,NA,NA,NA,170111.92,490743.39,17.01997778,49.12871944,0,"Kloboučky - stráně nad potokem Kloboučka, cca 0,8 km JV obce. (SPR Baračka).",NA,NA,NA,NA,NA,0,0,NA,0,Y,7,THE,THE
791280,2,20220618,NA,16,249,230,20,0,0,0,100,40,0,0,40,140,N,N,Inula cf. hirta,1,NA,Y,NA,SMoravia_basiphilous_grass,SMoravia,18,2022,square,N,NA,6,170109.994,490743.035,17.01944167,49.12861944,4,"Kloboučky, PP Baračka, cca 0,8 km JV od obce",NA,TKK018,"širokolistý trávník na svahu, pravděpodobně nesečené každoročně",NA,hlinitá,4,403653,0960-0970,7.69,Y,7,THE,THE
502049,1,NA,27AA03,16,260,225,10,-1,0,0,100,25,0,0,0,0,Y,N,NA,NA,NA,Y,Y,SMoravia_basiphilous_grass,SMoravia,19,1980,NA,NA,NA,NA,170256.27,490833.36,17.04896389,49.1426,0,"Nevojice (Středomoravské karpaty), travnatý okraj lesa Černecký hájek 0,7 km od nádraží",NA,NA,NA,NA,NA,0,0,NA,0,N,8,+,+
791281,2,20220621,NA,16,230,120,10,0,0,0,80,30,0,0,20,90,N,N,NA,1,NA,Y,NA,SMoravia_basiphilous_grass,SMoravia,19,2022,square,N,NA,6,170253.42,490829.826,17.04817222,49.14161667,4,"Nevojice, okraj Černeckého hájku, 550 m S od železniční stanice",NA,TKK019,"travnatý lesní lem zarůstající juvenilními keři, okus srnkami a zajíci",NA,hlinitá,4,502049,0003-0013,7.77,N,8,THE,+
403648,1,NA,NA,16,270,180,3,-1,0,0,98,10,0,0,0,0,Y,Y,NA,NA,NA,Y,Y,SMoravia_basiphilous_grass,SMoravia,20,1980,NA,NA,NA,NA,170314.75,490853.37,17.05409722,49.14815833,0,"Nevojice - stráně (J okraj Milonického lesa), cca 1,2 km SSV od nádraží. (SPR Malolhotská stráň).",NA,NA,NA,NA,NA,0,0,NA,0,Y,9,THE03,THE03
791282,2,20220621,NA,16,240,160,3,0,0,0,90,30,0,0,40,120,N,N,NA,1,NA,Y,NA,SMoravia_basiphilous_grass,SMoravia,20,2022,square,N,NA,6,170315.063,490850.699,17.05418333,49.14741389,3,"Nevojice, NPP Malhotky, dolní část rezervace, cca 1,3 km SSV od železniční stanice",NA,TKK020,"trávník s dominancí Calamagrostis epigejos, zarůstání dřevinami",NA,hlinitá,3,403648,0032-0044,7.85,Y,9,THE03,THE03
403494,1,NA,26AE,16,270,225,25,-1,0,0,98,2,0,0,0,0,Y,Y,Inulo (ensifoliae) - Caricetum humilis,NA,NA,Y,Y,SMoravia_basiphilous_grass,SMoravia,21,1980,NA,NA,NA,NA,170312.99,490853.03,17.05360833,49.14806389,0,"Nevojice - stráně s J expozicí (J okraj MIlonického lesa), cca 1,2 km SSV od nádr. (SPR Malhotská s",NA,NA,NA,NA,NA,0,0,NA,0,Y,9,THE03,THE03
791283,2,20220621,NA,16,258,200,17,0,0,0,90,25,0,0,25,90,N,N,NA,1,NA,Y,NA,SMoravia_basiphilous_grass,SMoravia,21,2022,square,N,NA,6,170310.996,490851.496,17.05305278,49.14763611,4,"Nevojice, NPP Malhotky, Z část rezervace, cca 1,2 km SSV od železniční stanice",NA,TKK021,"širokolistý trávník, v okolí soliterní keře, sečené",NA,hlinitá,4,403494,0045-0056,7.68,Y,9,THE03,THE03
502050,1,NA,27AA03,16,290,225,10,-1,0,0,98,25,0,0,0,0,Y,N,Potentilla incana = v orig. práci určena jako P. tommasiniana,NA,NA,Y,Y,SMoravia_basiphilous_grass,SMoravia,22,1980,NA,NA,NA,NA,170310.79,490852.07,17.05299722,49.14779722,0,"Nevojice (Středomoravské karpaty), jižní okraj Milonického lesa 1,2 km SSV od nádraží",NA,NA,NA,NA,NA,0,0,NA,0,Y,9,THE03,THE03
791284,2,20220621,NA,16,272,120,15,0,0,0,80,10,0,0,20,70,N,N,NA,1,NA,Y,NA,SMoravia_basiphilous_grass,SMoravia,22,2022,square,N,NA,6,170319.2,490854.213,17.05533333,49.14839167,3,"Nevojice, NPP Malhotky, horní část rezervace, cca 1,3 km SSV od železniční stanice",NA,TKK022,"širokolistý trávník s Peucedanum cervaria, v okolí soliterní duby (Q. pub.), sečené, asi ne každoroč",NA,hlinitá,3,502050,0057-0070,7.79,Y,9,THE03,THE03
403483,1,NA,26AE,16,270,180,7,-1,0,0,97,20,0,0,0,0,Y,Y,Inulo (ensifoliae) - Caricetum humilis,NA,NA,Y,Y,SMoravia_basiphilous_grass,SMoravia,23,1980,NA,NA,NA,NA,170311.02,490853.03,17.05306111,49.14806389,0,"Nevojice - stráně s J expozicí (J okraj Milonického lesa), cca 1,2 km SSV od nádraží.",NA,NA,NA,NA,NA,0,0,NA,0,Y,9,THE03,THE03
791285,2,20220621,NA,16,264,130,15,0,0,0,95,15,0,0,20,90,N,N,NA,1,NA,Y,NA,SMoravia_basiphilous_grass,SMoravia,23,2022,square,N,NA,6,170320.618,490853.408,17.055725,49.14816667,4,"Nevojice, NPP Malhotky, cca 1,3 km SSV od železniční stanice",NA,TKK023,"suchý trávník, otevřená plocha, sečené",NA,hlinitá,4,403483,0090-0103,7.73,Y,9,THE03,THE03
403495,1,NA,26AE,16,270,180,15,-1,0,0,100,30,0,0,0,0,Y,Y,Inulo (ensifoliae) - Caricetum humilis,NA,NA,Y,Y,SMoravia_basiphilous_grass,SMoravia,24,1980,NA,NA,NA,NA,170317.08,490853.49,17.05474444,49.14819167,0,"Nevojice - stráně s J expozicí (J okraj Milonického lesa), cca 1,2 km SSV nádr. (SPR Malhotská strá",NA,NA,NA,NA,NA,0,0,NA,0,Y,9,THE03,THE03
791286,2,20220621,NA,16,251,180,15,0,0,0,90,15,0,0,15,90,N,N,Asteraceae +,1,NA,Y,NA,SMoravia_basiphilous_grass,SMoravia,24,2022,square,N,NA,6,170322.868,490853.075,17.05635,49.148075,3,"Nevojice, NPP Malhotky, cca 1,3 km SSV od železniční stanice",NA,TKK024,"suchý trávník, v okolí soliterní keře a stromy, pravděpodobně sečené",NA,hlinitá,3,403495,0104-0113,7.78,Y,9,THE03,THE03
403540,1,NA,NA,16,280,135,10,-1,0,0,100,40,0,0,0,0,Y,Y,NA,NA,NA,Y,Y,SMoravia_basiphilous_grass,SMoravia,25,1980,NA,NA,NA,NA,170703.39,490810.81,17.11760833,49.13633611,0,"Nemotice - stráně s J - JV expozicí, cca 0,4 km SV od nádraží.",NA,NA,NA,NA,NA,0,0,NA,0,N,10,THE,THE
791287,2,20220627,NA,16,262,160,10,0,0,0,90,30,0,0,30,100,N,N,NA,1,NA,Y,NA,SMoravia_basiphilous_grass,SMoravia,25,2022,square,N,NA,6,170703.779,490808.286,17.11771389,49.13563333,3,"Nemotice, stráň cca 0,4 km SV od železniční stanice",NA,TKK025,"suchý trávník, zarůstající Calamagrostis epigejos, v okolí borovice",NA,hlinitá,3,403540,0114-0128,8.09,N,10,THE,THE
403508,1,NA,NA,16,280,135,20,-1,0,0,65,10,0,0,0,0,Y,Y,NA,NA,NA,Y,Y,SMoravia_basiphilous_grass,SMoravia,26,1980,NA,NA,NA,NA,170706.65,490812.02,17.11851389,49.13667222,0,"Nemotice - stráně, cca 0,5 km SV od nádraží.",NA,NA,NA,NA,NA,0,0,NA,0,N,10,THD,THD
791288,2,20220627,NA,16,283,170,20,0,0,0,65,25,0,0,30,80,N,N,Achillea cf. pannonica,1,NA,Y,NA,SMoravia_basiphilous_grass,SMoravia,26,2022,square,N,NA,6,170703.541,490810.519,17.11765,49.13625278,4,"Nemotice, stráň cca 450 m VSV od železniční stanice",NA,TKK026,"rozvolněný suchý trávník, v okolí křoviny a borovice",NA,hlinitá,4,403508,0143-0161,7.94,N,10,THD,THD
403511,1,NA,NA,16,280,135,15,-1,0,0,90,1,0,0,0,0,Y,Y,NA,NA,NA,Y,Y,SMoravia_basiphilous_grass,SMoravia,27,1980,NA,NA,NA,NA,170706.52,490811.99,17.11847778,49.13666389,0,"Nemotice - stráně, cca 0,5 km SV od nádraží.",NA,NA,NA,NA,NA,0,0,NA,0,N,10,THD,THD
791289,2,20220627,NA,16,270,150,15,0,0,0,85,5,0,0,30,120,N,N,Achillea cf. pannonica,1,NA,Y,NA,SMoravia_basiphilous_grass,SMoravia,27,2022,square,N,NA,6,170659.622,490810.929,17.11656111,49.13636667,3,"Nemotice, stráň cca 0,4 km SV od železniční stanice",NA,TKK027,"suchý trávník s Dorycnium pentaphyllum agg., okolí křoviny a borové hájky, hodně stařiny",NA,hlinitá,3,403511,0179-0192,7.86,N,10,THE,THD
403517,1,NA,NA,16,280,45,20,-1,0,0,85,40,0,0,0,0,Y,Y,NA,NA,NA,Y,Y,SMoravia_basiphilous_grass,SMoravia,28,1980,NA,NA,NA,NA,170706.87,490812.06,17.118575,49.13668333,0,"Nemotice - stráně, cca 0,5 km SV od nádraží.",NA,NA,NA,NA,NA,0,0,NA,0,N,10,THF,THF
791290,2,20220627,NA,16,291,170,15,0,0,0,75,20,0,0,35,140,N,N,NA,1,NA,Y,NA,SMoravia_basiphilous_grass,SMoravia,28,2022,square,N,NA,6,170703.37,490811.663,17.11760278,49.13657222,3,"Nemotice, stráň cca 0,5 km SV od železniční stanice",NA,TKK028,"suchý trávník zarůstající křovinami, v okolí křoviny a borové hájky, hodně stařiny, mraveniště",NA,hlinitá,3,403517,0213-0235,7.87,N,10,THE,THF
403510,1,NA,NA,16,280,135,20,-1,0,0,55,10,0,0,0,0,Y,Y,NA,NA,NA,Y,Y,SMoravia_basiphilous_grass,SMoravia,29,1980,NA,NA,NA,NA,170706.54,490811.96,17.11848333,49.13665556,0,"Nemotice - stráně, cca 0,5 km SV od nádraží.",NA,NA,NA,NA,NA,0,0,NA,0,N,10,THD,THD
791291,2,20220627,NA,16,287,150,15,0,0,0,70,15,0,0,15,90,N,N,NA,1,NA,Y,NA,SMoravia_basiphilous_grass,SMoravia,29,2022,square,N,NA,6,170706.577,490812.371,17.11849167,49.13676944,3,"Nemotice, stráň cca 0,5 km VSV od železniční stanice",NA,TKK029,"stepní trávník s Thymus odoratissimus, v okolí borovice a křoviny",NA,hlinitá,3,403510,0242-0261,7.94,N,10,THE,THD
403527,1,NA,NA,16,280,135,15,-1,0,0,75,30,0,0,0,0,Y,Y,NA,NA,NA,Y,Y,SMoravia_basiphilous_grass,SMoravia,30,1980,NA,NA,NA,NA,170707.02,490812.01,17.11861667,49.13666944,0,"Nemotice - stráně, cca 0,5 km SV od nádraží.",NA,NA,NA,NA,NA,0,0,NA,0,N,10,TDA01,TDA01
791292,2,20220627,NA,16,287,130,15,0,0,0,75,15,0,0,30,100,N,N,Poaceae +,1,NA,Y,NA,SMoravia_basiphilous_grass,SMoravia,30,2022,square,N,NA,6,170708.82,490810.407,17.11911667,49.13622222,4,"Nemotice, stráň cca 0,5 km VSV od železniční stanice",NA,TKK030,"stepní trávník zarůstající křovinami, v okolí borovice a křoviny",NA,hlinitá,4,403527,0267-0285,8.06,N,10,THE03,TDA01
403636,1,NA,NA,16,250,135,20,-1,0,0,100,15,0,0,0,0,Y,Y,NA,NA,NA,Y,Y,SMoravia_basiphilous_grass,SMoravia,31,1980,NA,NA,NA,NA,170632.24,490801.03,17.10895556,49.13361944,0,"Snovídky - zarostlý sádek při SV okraji obce, cca 0,3 km ZSZ od žel st. Nemotice.",NA,NA,NA,NA,NA,0,0,NA,0,N,11,THE,THE
791293,2,20220627,NA,16,252,160,30,0,0,0,90,5,0,0,35,90,N,N,NA,1,NA,Y,NA,SMoravia_basiphilous_grass,SMoravia,31,2022,square,N,NA,6,170634.205,490801.948,17.1095,49.13387222,3,"Snovídky, zarůstající sad na SV okraji obce, cca 0,3 km ZSZ od železniční stanice Nemotice",NA,TKK031,"stepní trávník, nesečený, v okolí ovocné stromy a akáty, hodně stařiny",NA,hlinitá,3,403636,0290-0303,7.82,N,11,THE,THE
403593,1,NA,NA,16,360,180,45,-1,0,0,95,10,0,0,0,0,Y,Y,NA,NA,NA,Y,Y,SMoravia_basiphilous_grass,SMoravia,32,1980,NA,NA,NA,NA,171924.35,491223.33,17.32343056,49.20648056,0,"Divoký - pastvina při okraji lesa, cca 0,9 km VJV obce.",NA,NA,NA,NA,NA,0,0,NA,0,Y,12,THE,THE
791294,2,20220702,NA,16,346,180,12,0,0,0,85,5,0,0,50,130,N,N,"Prunus cf. cerasifera, Polygala cf. comosa",1,NA,Y,NA,SMoravia_basiphilous_grass,SMoravia,32,2022,square,N,NA,6,171924.563,491222.236,17.32348889,49.206175,3,"Divoky, PP Kamenec, cca 0,9 km VJV od obce",NA,TKK032,"trávník s dominancí Bromus erectus, zarůstání křovinami, borovicí, hodně stařiny",NA,hlinitá,3,403593,0064-0082,7.67,Y,12,THE03,THE
403641,1,NA,NA,16,280,270,5,-1,0,0,100,5,0,0,0,0,Y,Y,NA,NA,NA,Y,Y,SMoravia_basiphilous_grass,SMoravia,33,1980,NA,NA,NA,NA,171856.29,491305.72,17.31563611,49.21825556,0,"Zdounky - stráňka, cca 1,2 km J od nádraží.",NA,NA,NA,NA,NA,0,0,NA,0,Y,5,THE03,THE03
791295,2,20220702,NA,16,274,230,10,0,0,0,90,5,0,0,70,170,N,N,NA,1,NA,Y,NA,SMoravia_basiphilous_grass,SMoravia,33,2022,square,N,NA,6,171855.219,491303.024,17.31533611,49.21750556,3,"Zdounky, PP Drážov, cca 1,2 km J od železniční stanice",NA,TKK033,"trávník s Calamagrostis epigejos v dolní části svahu, okolo křoviny, akát, hodně stařiny",NA,hlinitá,3,403641,0105-0118,7.7,Y,5,THE,THE03
403566,1,NA,NA,16,280,180,10,-1,0,0,98,10,0,0,0,0,Y,Y,NA,NA,NA,Y,Y,SMoravia_basiphilous_grass,SMoravia,34,1980,NA,NA,NA,NA,171856.29,491305.72,17.31563611,49.21825556,0,"Zdounky - stráńka, cca 1,2 km J od nádraží. (SPR Drážov).",NA,NA,NA,NA,NA,0,0,NA,0,Y,5,THE03,THE03
791296,2,20220702,NA,16,266,220,5,0,0,0,90,15,0,0,35,130,N,N,Poaceae +,1,NA,Y,NA,SMoravia_basiphilous_grass,SMoravia,34,2022,square,N,NA,6,171855.55,491303.732,17.31543056,49.21770278,3,"Zdounky, PP Drážov, cca 1,2 km J od železniční stanice",NA,TKK034,"trávník s Bromus erectus v dolní části svahu, okolo křoviny, borovice, nesečené každoročně",NA,hlinitá,3,403566,0120-0132,7.73,Y,5,THE03,THE03
403584,1,NA,NA,16,240,135,5,-1,0,0,100,20,0,0,0,0,Y,Y,NA,NA,NA,Y,Y,SMoravia_basiphilous_grass,SMoravia,35,1980,NA,NA,NA,NA,171707.82,491300.31,17.28550556,49.21675278,0,"Těšánky - terasovité sady, cca 0,9 km JZ obce.",NA,NA,NA,NA,NA,0,0,NA,0,N,12,THF,THF
791297,2,20220702,NA,16,242,90,5,0,0,0,95,30,0,0,50,135,N,N,NA,1,NA,Y,NA,SMoravia_basiphilous_grass,SMoravia,35,2022,square,N,NA,6,171710.045,491259.379,17.28612222,49.21649167,3,"Těšánky, nPR Lebedov, 0,8 km JZ od kaple sv. Floriána",NA,TKK035,"trávník s Carex tomentosa, zarůstání křovinami, hodně stařiny",NA,hlinitá,3,403584,0150-0161,7.55,N,12,TDA,THF
403582,1,NA,NA,16,240,90,10,-1,0,0,98,20,0,0,0,0,Y,Y,NA,NA,NA,Y,Y,SMoravia_basiphilous_grass,SMoravia,36,1980,NA,NA,NA,NA,171707.82,491300.66,17.28550556,49.21685,0,"Těšánky - terasovité sady, cca 0,9 km JZ obce.",NA,NA,NA,NA,NA,0,0,NA,0,N,12,THE01,THE01
791298,2,20220702,NA,16,248,100,10,0,0,0,95,30,0,0,40,100,N,N,NA,1,NA,Y,NA,SMoravia_basiphilous_grass,SMoravia,36,2022,square,N,NA,6,171708.945,491258.377,17.28581667,49.21621389,3,"Těšánky, nPR Lebedov, 0,8 km JZ od kaple sv. Floriána",NA,TKK036,"trávník zarůstající Calamagrostis epigejos, v okolí křoviny, hodně stařiny",NA,hlinitá,3,403584,0162-0172,7.59,N,12,THE01,THE01
403543,1,NA,NA,16,300,90,25,-1,0,0,100,30,0,0,0,0,Y,Y,NA,NA,NA,Y,Y,SMoravia_basiphilous_grass,SMoravia,37,1980,NA,NA,NA,NA,171040.96,490906.51,17.17804444,49.15180833,0,"Kožušice - travnatá stráň, cca 0,6 km ZJZ obce (při JZ okraji obce).",NA,NA,NA,NA,NA,0,0,NA,0,N,13,THE,THE
791299,2,20220704,NA,16,293,50,10,0,0,0,75,15,0,0,30,110,N,N,Aster sp. = cf. Symphyotrichum sp.,1,NA,Y,NA,SMoravia_basiphilous_grass,SMoravia,37,2022,square,N,NA,6,171054.048,490859.672,17.18167778,49.14990833,3,"Kožušice, travnatá stráň při JJZ okraji obce, cca 0,4 km JZ od kaple sv. Floriána",NA,TKK037,"trávník s dominancí Festuca pratensis, pásy poorané a zatravněné, dost stařiny na některých místech",NA,hlinitá,3,403543,0231-0244,7.88,N,13,TD,THE
403539,1,NA,NA,16,290,180,40,-1,0,0,95,25,0,0,0,0,Y,Y,NA,NA,NA,Y,Y,SMoravia_basiphilous_grass,SMoravia,38,1980,NA,NA,NA,NA,171057.26,490855.25,17.18257222,49.14868056,0,"Kožušice - úvoz polní cesty, cca 0,7 km J (-JJZ) obce.",NA,NA,NA,NA,NA,0,0,NA,0,N,14,THE,THE
791300,2,20220704,NA,16,296,120,40,0,0,0,65,15,0,0,20,100,N,N,NA,1,NA,Y,NA,SMoravia_basiphilous_grass,SMoravia,38,2022,square,N,NA,6,171058.086,490854.56,17.1828,49.14848889,3,"Kožušice, úvoz polní cesty, cca 0,5 km JJZ od kaple sv. Floriána",NA,TKK038,"stepní trávník na prudkém svahu, v okolí borovice",NA,hlinitá,3,403539,0245-0255,8.07,N,14,THE,THE
403611,1,NA,NA,16,290,NA,NA,-1,0,0,96,60,0,0,0,0,Y,Y,NA,NA,NA,Y,Y,SMoravia_basiphilous_grass,SMoravia,39,1980,NA,NA,NA,NA,171057.44,490854.49,17.18262222,49.14846944,0,"Kožušice - úvoz polní cesty, cca 0,7 km J (-JJZ) obce.",NA,NA,NA,NA,NA,0,0,NA,0,N,14,THE,THE
791301,2,20220704,NA,16,302,40,5,0,0,0,85,10,0,0,30,110,N,N,NA,1,NA,Y,NA,SMoravia_basiphilous_grass,SMoravia,39,2022,square,N,NA,6,171056.54,490853.351,17.18237222,49.14815278,3,"Kožušice, úvoz polní cesty, cca 0,5 km JJZ od kaple sv. Floriána",NA,TKK039,"stepní trávník, v okolí borovice, hodně stařiny",NA,hlinitá,3,403611,0306-0315,7.6,N,14,THF,THE
403639,1,NA,NA,16,310,225,20,-1,0,0,100,5,0,0,0,0,Y,Y,NA,NA,NA,Y,Y,SMoravia_basiphilous_grass,SMoravia,40,1980,NA,NA,NA,NA,171115.65,490858.99,17.18768056,49.14971944,0,"Kožušice - stráň, cca 0,7 km JJV obce.",NA,NA,NA,NA,NA,0,0,NA,0,Y,15,THE,THE
791302,2,20220704,NA,16,307,205,15,0,0,0,80,20,0,0,50,100,N,N,Hieracium sp. = Pilosella sp.,1,NA,Y,NA,SMoravia_basiphilous_grass,SMoravia,40,2022,square,N,NA,6,171112.272,490859.625,17.18674167,49.14989444,3,"Kožušice, PR Podsedky, 260 m JJV od kaple sv. Floriána",NA,TKK040,"zarůstající stepní trávník na okraji borového hájku, juvenilní keře, akát",NA,hlinitá,3,403639,0364-0375,7.72,Y,15,THE,THE
403509,1,NA,NA,16,310,225,25,-1,0,0,90,20,0,0,0,0,Y,Y,NA,NA,NA,Y,Y,SMoravia_basiphilous_grass,SMoravia,41,1980,NA,NA,NA,NA,171119.18,490857.84,17.18866111,49.1494,0,"Kožušice - stráň, cca 0,7 km JJV obce.",NA,NA,NA,NA,NA,0,0,NA,0,Y,15,THD,THD
791303,2,20220704,NA,16,296,180,25,0,0,0,60,1,0,0,20,80,N,N,NA,1,NA,Y,NA,SMoravia_basiphilous_grass,SMoravia,41,2022,square,N,NA,6,171117.597,490857.367,17.18821944,49.14926667,3,"Kožušice, PR Podsedky, 360 m JV od kaple sv. Floriána",NA,TKK041,"suchý trávník a Artemisia campestris, prudký svah s obnaženou půdou, sečené, okus zvěří",NA,hlinitá,3,403509,"0379-0389, 0395-0397",7.84,Y,15,THF01,THD
403656,1,NA,NA,16,290,225,30,-1,0,0,95,1,0,0,0,0,Y,Y,NA,NA,NA,Y,Y,SMoravia_basiphilous_grass,SMoravia,42,1980,NA,NA,NA,NA,171202.78,490931.61,17.20077222,49.15878056,0,"Kožušice - remízek v polích, cca 1,1 km SV obce.",NA,NA,NA,NA,NA,0,0,NA,0,N,16,TDA,TDA
791304,2,20220704,NA,16,289,215,15,0,0,0,65,1,0,0,25,80,N,N,NA,1,NA,Y,NA,SMoravia_basiphilous_grass,SMoravia,42,2022,square,N,NA,6,171209.436,490926.778,17.20261944,49.15743611,3,"Kožušice, stráň s remízky nad silnicí E50, cca 1,3 km SV od kaple sv. Floriána",NA,TKK042,"suchý trávník mezi remízky, sečené",NA,hlinitá,3,403656,0421-0434,7.66,N,16,TDA01,TDA
403518,1,NA,NA,16,290,315,20,-1,0,0,95,35,0,0,0,0,Y,Y,NA,NA,NA,Y,Y,SMoravia_basiphilous_grass,SMoravia,43,1980,NA,NA,NA,NA,171202.88,490931.61,17.2008,49.15878056,0,"Kožušice - remízek v polích, cca 1,1 km SV obce.",NA,NA,NA,NA,NA,0,0,NA,0,N,16,THF,THF
791305,2,20220704,NA,16,307,325,10,0,0,0,70,1,0,0,10,70,N,N,Campanula cf. trachelium,1,NA,Y,NA,SMoravia_basiphilous_grass,SMoravia,43,2022,square,N,NA,6,171204.554,490929.895,17.20126389,49.15830278,3,"Kožušice, stráň s remízky nad silnicí E50, cca 1,3 km SV od kaple sv. Floriána",NA,TKK043,"suchý trávník mezi remízky, sečené",NA,hlinitá,3,403518,0435-0449,7.61,N,16,THF,THF
403569,1,NA,NA,16,290,270,15,-1,0,0,95,50,0,0,0,0,Y,Y,NA,NA,NA,Y,Y,SMoravia_basiphilous_grass,SMoravia,44,1980,NA,NA,NA,NA,171006.77,491002,17.16854722,49.16722222,0,"Malínky - travnaté stráňky s remízky, cca 1 km SSV obce.",NA,NA,NA,NA,NA,0,0,NA,0,N,17,THE,THE
791306,2,20220705,NA,16,313,360,15,0,0,0,95,30,0,0,25,100,N,N,NA,1,NA,Y,NA,SMoravia_basiphilous_grass,SMoravia,44,2022,square,N,NA,6,171006.83,491001.714,17.16856389,49.16714167,3,"Malínky, travnatá stráň mezi remízky, cca 1 km SSV od obce",NA,TKK044,"suchý nesečený trávník zarůstající Calamagrostis epigejos, srnky a divočáci, dost stařiny",NA,hlinitá,3,403569,0479-0486,7.62,N,17,THE,THE
403568,1,NA,NA,16,290,270,15,-1,0,0,100,25,0,0,0,0,Y,Y,NA,NA,NA,Y,Y,SMoravia_basiphilous_grass,SMoravia,45,1980,NA,NA,NA,NA,171006.93,491001.97,17.16859167,49.16721389,0,"Malínky - travnaté stráňky s remízky, cca 1 km SSV obce.",NA,NA,NA,NA,NA,0,0,NA,0,N,17,THE,THE
791307,2,20220705,NA,16,302,270,10,0,0,0,85,20,0,0,30,110,N,N,NA,1,NA,Y,NA,SMoravia_basiphilous_grass,SMoravia,45,2022,square,N,NA,6,171007.271,491003.339,17.16868611,49.16759167,3,"Malínky, travnatá stráň mezi remízky, cca 1 km SSV od obce",NA,TKK045,"suchý nesečený trávník zarůstající Calamagrostis epigejos, srnky a divočáci, dost stařiny",NA,hlinitá,3,403568,0487-0498,7.67,N,17,THF,THE
403626,1,NA,NA,16,280,90,15,-1,0,0,100,25,0,0,0,0,Y,Y,NA,NA,NA,Y,Y,SMoravia_basiphilous_grass,SMoravia,46,1980,NA,NA,NA,NA,170914.31,491109.25,17.153975,49.18590278,0,"Nemochovice - zarostlá stráň, cca 1,3 km VSV obce.",NA,NA,NA,NA,NA,0,0,NA,0,N,18,THE,THE
791308,2,20220711,NA,16,292,110,5,0,0,0,95,35,0,0,70,160,N,N,Prunus cf. avium,1,NA,Y,NA,SMoravia_basiphilous_grass,SMoravia,46,2022,square,N,NA,6,170910.745,491100.752,17.15298333,49.18354167,3,"Nemochovice, travnatá stráň mezi remízky v polích, cca 1,6 km VSV od kostela sv. Floriána",NA,TKK046,"zarůstající širokolistý trávník u polní cesty, možná občas sečené, dost stařiny",NA,hlinitá,3,403626,0509-0523,7.57,N,18,THF,THE
403564,1,NA,NA,16,280,135,5,-1,0,0,98,0,0,0,0,0,Y,Y,NA,NA,NA,Y,Y,SMoravia_basiphilous_grass,SMoravia,47,1980,NA,NA,NA,NA,170914.3,491109.4,17.15397222,49.18594444,0,"Nemochovice - zarostlá stráň, cca 1,3 km VSV obce.",NA,NA,NA,NA,NA,0,0,NA,0,N,18,THE,THE
791309,2,20220711,NA,16,296,100,10,0,0,0,95,30,0,0,30,110,N,N,"Viola riviniana = V. riviniana agg., Orchis sp. = O. militaris/O. purpurea",1,NA,Y,NA,SMoravia_basiphilous_grass,SMoravia,47,2022,square,N,NA,6,170915.628,491105.19,17.15433889,49.184775,3,"Nemochovice, travnatá stráň mezi remízky v polích, cca 1,8 km VSV od kostela sv. Floriána",NA,TKK047,"stepní trávník s Brachypodium pinnatum, pravděpodobně občas sečené, dost stařiny, juvenilní keře",NA,hlinitá,3,403564,0524-0539,7.77,N,18,THE,THE
403642,1,NA,NA,16,280,45,5,-1,0,0,100,2,0,0,0,0,Y,Y,NA,NA,NA,Y,Y,SMoravia_basiphilous_grass,SMoravia,48,1980,NA,NA,NA,NA,170914.16,491109.35,17.15393333,49.18593056,0,"Nemochovice - zarostlá stráň, cca 1,3 km VSV obce.",NA,NA,NA,NA,NA,0,0,NA,0,N,18,THE01,THE01
791310,2,20220711,NA,16,289,70,8,0,0,0,85,15,0,0,50,120,N,N,NA,1,NA,Y,NA,SMoravia_basiphilous_grass,SMoravia,48,2022,square,N,NA,6,170914.473,491105.97,17.15401944,49.18499167,3,"Nemochovice, travnatá stráň mezi remízky v polích, cca 1,8 km VSV od kostela sv. Floriána",NA,TKK048,"stepní trávník zarůstající Calamagrostis epigejos, hodně stařiny, juvenilní keře",NA,hlinitá,3,403642,0554-0569,7.64,N,18,THE,THE01
403625,1,NA,NA,16,280,45,3,-1,0,0,100,35,0,0,0,0,Y,Y,NA,NA,NA,Y,Y,SMoravia_basiphilous_grass,SMoravia,49,1980,NA,NA,NA,NA,170914,491109.05,17.15388889,49.18584722,0,"Nemochovice - zarostlá stráň, cca 1,3 km VSV obce.",NA,NA,NA,NA,NA,0,0,NA,0,N,18,THE,THE
791311,2,20220711,NA,16,302,80,5,0,0,0,95,10,0,0,40,110,N,N,NA,1,NA,Y,NA,SMoravia_basiphilous_grass,SMoravia,49,2022,square,N,NA,6,170914.508,491105.163,17.15402778,49.18476667,3,"Nemochovice, travnatá stráň mezi remízky v polích, cca 1,8 km VSV od kostela sv. Floriána",NA,TKK049,"stepní trávník, v okolí soliterní keře a stromy, hodně stařiny, možná občas sečené, srnky",NA,hlinitá,3,403625,0570-0584,7.73,N,18,THE,THE
403624,1,NA,NA,16,310,270,35,-1,0,0,100,35,0,0,0,0,Y,Y,NA,NA,NA,Y,Y,SMoravia_basiphilous_grass,SMoravia,50,1980,NA,NA,NA,NA,170832.85,491107.5,17.14245833,49.18541667,0,Nemochovice - úvoz při SV okraji obce.,NA,NA,NA,NA,NA,0,0,NA,0,N,19,THE,THE
791312,2,20220711,NA,16,322,330,30,0,0,0,85,30,0,0,30,110,N,N,NA,1,NA,Y,NA,SMoravia_basiphilous_grass,SMoravia,50,2022,square,N,NA,6,170833.392,491106.411,17.14260833,49.18511389,3,"Nemochovice, úvoz na SV okraji obce, cca 0,9 km SV od kostela sv. Floriána",NA,TKK050,"stepní trávník, v okolí ovocné stromy, borovice, hodně stařiny, možná občas sečené, nora",NA,hlinitá,3,403624,0594-0607,7.82,N,19,THE,THE
403563,1,NA,NA,16,310,315,8,-1,0,0,100,60,0,0,0,0,Y,Y,NA,NA,NA,Y,Y,SMoravia_basiphilous_grass,SMoravia,51,1980,NA,NA,NA,NA,170832.78,491107.63,17.14243889,49.18545278,0,Nemochovice - úvoz při SV okraji obce.,NA,NA,NA,NA,NA,0,0,NA,0,N,19,THE,THE
791313,2,20220711,NA,16,307,360,10,0,0,0,90,10,0,0,40,120,N,N,NA,1,NA,Y,NA,SMoravia_basiphilous_grass,SMoravia,51,2022,square,N,NA,6,170832.095,491106.563,17.14224722,49.18515556,3,"Nemochovice, úvoz na SV okraji obce, cca 0,9 km SV od kostela sv. Floriána",NA,TKK051,"stepní trávník, v okolí ovocné stromy, borovice, hodně stařiny, možná občas sečené",NA,hlinitá,3,403563,0608-0624,7.8,N,19,THE,THE
403545,1,NA,NA,16,330,135,16,-1,0,0,100,50,0,0,0,0,Y,Y,NA,NA,NA,Y,Y,SMoravia_basiphilous_grass,SMoravia,52,1980,NA,NA,NA,NA,171408.69,491014.9,17.23574722,49.17080556,0,Chvalnov - stráň při SZ okraji obce. (SPR Přehon).,NA,NA,NA,NA,NA,0,0,NA,0,Y,20,THE01,THE01
791314,2,20220712,NA,16,326,120,15,0,0,0,90,25,0,0,30,130,N,N,NA,1,NA,Y,NA,SMoravia_basiphilous_grass,SMoravia,52,2022,square,N,NA,6,171409.077,491014.659,17.23585278,49.17073611,3,"Chvalnov, PP Přehon, cca 0,6 km SV od kostela sv. Jakuba",NA,TKK052,"stepní trávník, v okolí soliterní břízy, borovice, hodně stařiny, pravděpodobně sečené",NA,hlinitá,3,403545,0627-0644,7.76,Y,20,THE03,THE01
403615,1,NA,NA,16,330,135,12,-1,0,0,95,35,0,0,0,0,Y,Y,NA,NA,NA,Y,Y,SMoravia_basiphilous_grass,SMoravia,53,1980,NA,NA,NA,NA,171408.54,491014.75,17.23570556,49.17076389,0,Chvalnov - stráň při SZ okraji obce. (SPR Přehon).,NA,NA,NA,NA,NA,0,0,NA,0,Y,20,THE,THE
791315,2,20220712,NA,16,328,100,12,0,0,0,85,20,0,0,20,120,N,N,NA,1,NA,Y,NA,SMoravia_basiphilous_grass,SMoravia,53,2022,square,N,NA,6,171407.48,491014.688,17.23541111,49.17074444,3,"Chvalnov, PP Přehon, cca 0,6 km SV od kostela sv. Jakuba",NA,TKK053,"stepní trávník v horní části svahu, sečené, nad svahem opuštěný sad",NA,hlinitá,3,403615,0645-0663,7.83,Y,20,THE03,THE
403633,1,NA,NA,16,330,135,5,-1,0,0,95,5,0,0,0,0,Y,Y,NA,NA,NA,Y,Y,SMoravia_basiphilous_grass,SMoravia,54,1980,NA,NA,NA,NA,171408.62,491014.7,17.23572778,49.17075,0,Chvalnov - stráň při SZ okraji obce. (SPR Přehon).,NA,NA,NA,NA,NA,0,0,NA,0,Y,20,THE03,THE03
791316,2,20220712,NA,16,319,135,5,0,0,0,97,25,0,0,30,120,N,N,Viola riviniana = V. riviniana agg.,1,NA,Y,NA,SMoravia_basiphilous_grass,SMoravia,54,2022,square,N,NA,6,171407.9,491013.915,17.23552778,49.17053056,3,"Chvalnov, PP Přehon, cca 0,6 km SV od kostela sv. Jakuba",NA,TKK054,"stepní trávník na terásce mezi prudšími svahy, pravděpodobně sečené",NA,hlinitá,3,403633,0664-0682,7.67,Y,20,THE01,THE03
403612,1,NA,NA,16,330,135,20,-1,0,0,95,30,0,0,0,0,Y,Y,NA,NA,NA,Y,Y,SMoravia_basiphilous_grass,SMoravia,55,1980,NA,NA,NA,NA,171408.62,491014.85,17.23572778,49.17079167,0,Chvalnov - stráň při SZ okraji obce. (SPR Přehon).,NA,NA,NA,NA,NA,0,0,NA,0,Y,20,THE01,THE01
791317,2,20220712,NA,16,320,125,27,0,0,0,90,15,0,0,50,130,N,N,NA,1,NA,Y,NA,SMoravia_basiphilous_grass,SMoravia,55,2022,square,N,NA,6,171408.494,491014.255,17.23569167,49.170625,3,"Chvalnov, PP Přehon, cca 0,6 km SV od kostela sv. Jakuba",NA,TKK055,"stepní trávník na prudším svahu, pod ním nesečená zarůstající plocha, dost stařiny",NA,hlinitá,3,403612,0683-0706,7.74,Y,20,THE03,THE01
403558,1,NA,NA,16,360,45,5,-1,0,0,100,3,0,0,0,0,Y,Y,NA,NA,NA,Y,Y,SMoravia_basiphilous_grass,SMoravia,56,1980,NA,NA,NA,NA,171143.4,490815.87,17.19538889,49.13774167,0,"Střílky - remízek v polích pod kótou Bralová (400 m), cca 1,2 km Z obce. (SPR Bralová).",NA,NA,NA,NA,NA,0,0,NA,0,Y,21,THF,THF
791318,2,20220712,NA,16,382,80,5,0,0,0,100,40,0,0,80,150,N,N,NA,1,NA,Y,NA,SMoravia_basiphilous_grass,SMoravia,56,2022,square,N,NA,6,171142.409,490815.135,17.19511111,49.13753611,3,"Střílky, PP Bralová, cca 1,4 km Z od kostela Nanebevzetí Panny Marie",NA,TKK056,"zarostlý stepní trávník, v okolí třešně, borovice, jasan, hodně stařiny",NA,hlinitá,3,403558,0714-0741,7.23,Y,21,TDA,THF
403542,1,NA,NA,16,290,45,25,-1,0,0,100,25,0,0,0,0,Y,Y,NA,NA,NA,Y,Y,SMoravia_basiphilous_grass,SMoravia,57,1980,NA,NA,NA,NA,170943.58,490923.99,17.16210556,49.15666389,0,Malínky - travnatá deprese při polní cestě u JV okraje obce (vedle sadu).,NA,NA,NA,NA,NA,0,0,NA,0,N,22,THE,THE
791319,2,20220713,NA,16,305,35,15,0,0,0,85,3,0,0,60,160,N,N,NA,1,NA,Y,NA,SMoravia_basiphilous_grass,SMoravia,57,2022,square,N,NA,6,170957.53,490921.4,17.16598056,49.15594444,3,"Malínky, travnatá stráň u polní cesty u JV okraje obce, cca 0,5 km VJV od zvonice v obci",NA,TKK057,"zarostlý stepní trávník s Calamagrostis epigejos mezi polem a polní cestou, vedle sadu, dost stařiny",NA,hlinitá,3,403542,0763-0774,7.4,N,22,XCB,THE
403613,1,NA,NA,16,280,315,10,-1,0,0,100,20,0,0,0,0,Y,Y,NA,NA,NA,Y,Y,SMoravia_basiphilous_grass,SMoravia,58,1980,NA,NA,NA,NA,170932.6,490921.79,17.15905556,49.15605278,0,"Malínky - stráňka vedle sadu, cca 0,4 km J obce.",NA,NA,NA,NA,NA,0,0,NA,0,Y,23,THE01,THE01
791320,2,20220713,NA,16,319,360,10,0,0,0,90,25,0,0,50,150,N,N,NA,1,NA,Y,NA,SMoravia_basiphilous_grass,SMoravia,58,2022,square,N,NA,6,170935.044,490913.428,17.15973333,49.15372778,3,"Malínky, PP Kuče, cca 0,4 km J od zvonice v obci",NA,TKK058,"zarůstající stepní trávník, stráň u opuštěného sadu, hodně stařiny",NA,hlinitá,3,403613,0775-0793,7.27,Y,23,THF,THE01
403640,1,NA,NA,16,280,315,20,-1,0,0,100,5,0,0,0,0,Y,Y,NA,NA,NA,Y,Y,SMoravia_basiphilous_grass,SMoravia,59,1980,NA,NA,NA,NA,170932.24,490921.8,17.15895556,49.15605556,0,"Malínky - stráňka vedle sadu, cca 0,4 km J obce.",NA,NA,NA,NA,NA,0,0,NA,0,Y,23,THE,THE
791321,2,20220713,NA,16,313,360,17,0,0,0,100,30,0,0,70,150,N,N,NA,1,NA,Y,NA,SMoravia_basiphilous_grass,SMoravia,59,2022,square,N,NA,6,170935.149,490913.914,17.15976111,49.15386389,3,"Malínky, PP Kuče, cca 0,4 km J od zvonice v obci",NA,TKK059,"zarostlý stepní trávník s Calamagrostis epigejos, stráň u opuštěného sadu, hodně stařiny",NA,hlinitá,3,403640,0794-0804,7.43,Y,23,THE,THE
403632,1,NA,NA,16,280,270,5,-1,0,0,100,25,0,0,0,0,Y,Y,NA,NA,NA,Y,Y,SMoravia_basiphilous_grass,SMoravia,60,1980,NA,NA,NA,NA,170932.36,490921.81,17.15898889,49.15605833,0,"Malínky - stráňka vedle sadu, cca 0,4 km J obce.",NA,NA,NA,NA,NA,0,0,NA,0,Y,23,THE01,THE01
791322,2,20220713,NA,16,301,50,3,0,0,0,85,10,0,0,45,130,N,N,NA,1,NA,Y,NA,SMoravia_basiphilous_grass,SMoravia,60,2022,square,N,NA,6,170934.264,490917.028,17.15951667,49.15472778,4,"Malínky, PP Kuče, cca 0,3 km J od zvonice v obci",NA,TKK060,"trávník vedle sadu, možná občas sečený, u polní cesty",NA,hlinitá,4,403632,0812-0822,7.63,Y,23,?,THE01
403488,1,NA,26AE,16,290,135,15,-1,0,0,100,10,0,0,0,0,Y,Y,Inulo (ensifoliae) - Caricetum humilis,NA,NA,Y,Y,SMoravia_basiphilous_grass,SMoravia,61,1980,NA,NA,NA,NA,170248.1,490922.17,17.04669444,49.15615833,0,"Čerčín - stráň při okraji lesa Černecký hájek, cca 1,3 km V obce.",NA,NA,NA,NA,NA,0,0,NA,0,Y,24,THE03,THE03
791323,2,20220714,NA,16,310,160,13,0,0,0,95,10,0,0,20,90,N,N,"Viola riviniana = V. riviniana agg., Boraginaceae r",1,NA,Y,NA,SMoravia_basiphilous_grass,SMoravia,61,2022,square,N,NA,6,170246.303,490923.658,17.04619444,49.15656944,3,"Černčín, PR Hašky, cca 1,2 km V od kaple v obci",NA,TKK061,"stepní trávník ve svahu, mozaikovitá seč",NA,hlinitá,3,403488,0852-0867,7.67,Y,24,THE03,THE03
403487,1,NA,26AE,16,290,135,10,-1,0,0,96,15,0,0,0,0,Y,Y,Inulo (ensifoliae) - Caricetum humilis,NA,NA,Y,Y,SMoravia_basiphilous_grass,SMoravia,62,1980,NA,NA,NA,NA,170248.07,490922.23,17.04668611,49.156175,0,"Čerčín - stráň při okraji lesa Černecký hájek (JV expozice), cca 1,3 km V obce.",NA,NA,NA,NA,NA,0,0,NA,0,Y,24,+,+
791324,2,20220714,NA,16,291,100,17,0,0,0,90,25,0,0,30,120,N,N,NA,1,NA,Y,NA,SMoravia_basiphilous_grass,SMoravia,62,2022,square,N,NA,6,170249.233,490926.468,17.04700833,49.15735,3,"Černčín, PR Hašky, cca 1,2 km V od kaple v obci",NA,TKK062,"stepní trávník ve svahu, mozaikovitá seč, v dolní části svahu patrné zarůstání dřevinami",NA,hlinitá,3,403487,0904-0912,7.7,Y,24,THE03,+
403608,1,NA,NA,16,290,135,20,-1,0,0,100,20,0,0,0,0,Y,Y,NA,NA,NA,Y,Y,SMoravia_basiphilous_grass,SMoravia,63,1980,NA,NA,NA,NA,170247.65,490921.92,17.04656944,49.15608889,0,"Černčín - stráň při okraji lesa Černecký hájek, cca 1,3 km V obce.",NA,NA,NA,NA,NA,0,0,NA,0,Y,24,THE03,THE03
791325,2,20220714,NA,16,284,120,20,0,0,0,90,10,0,0,30,120,N,N,Chamaecytisus ratisbonensis / Cytisus nigricans r,1,NA,Y,NA,SMoravia_basiphilous_grass,SMoravia,63,2022,square,N,NA,6,170253.018,490926.208,17.04805833,49.15727778,3,"Černčín, PR Hašky, cca 1,2 km V od kaple v obci",NA,TKK063,"stepní trávník ve svahu, mozaikovitá seč, okolo soliterní keře, nora",NA,hlinitá,3,403608,0913-0926,7.66,Y,24,THE03,THE03
403607,1,NA,NA,16,290,135,10,-1,0,0,98,20,0,0,0,0,Y,Y,NA,NA,NA,Y,Y,SMoravia_basiphilous_grass,SMoravia,64,1980,NA,NA,NA,NA,170247.8,490922.02,17.04661111,49.15611667,0,"Černčín - stráň při okraji lesa Černecký hájek, cca 1,3 km V obce.",NA,NA,NA,NA,NA,0,0,NA,0,Y,24,THE03,THE03
791326,2,20220714,NA,16,319,120,10,0,0,0,100,5,0,0,30,120,N,N,NA,1,NA,Y,NA,SMoravia_basiphilous_grass,SMoravia,64,2022,square,N,NA,6,170244.487,490925.46,17.04568889,49.15707222,3,"Černčín, PR Hašky, cca 1,2 km V od kaple v obci",NA,TKK064,"stepní trávník ve svahu, mozaikovitá seč, okolo soliterní keře, lesíky",NA,hlinitá,3,403607,0927-0938,7.65,Y,24,THE03,THE03
403489,1,NA,26AE,16,290,135,15,-1,0,0,100,5,0,0,0,0,Y,Y,Inulo (ensifoliae) - Caricetum humilis,NA,NA,Y,Y,SMoravia_basiphilous_grass,SMoravia,65,1980,NA,NA,NA,NA,170248.03,490922.12,17.046675,49.15614444,0,"Čerčín - stráň při okraji lesa Černecký hájek, cca 1,3 km V obce.",NA,NA,NA,NA,NA,0,0,NA,0,Y,24,THE03,THE03
791327,2,20220714,NA,16,293,130,12,0,0,0,95,10,0,0,25,120,N,N,NA,1,NA,Y,NA,SMoravia_basiphilous_grass,SMoravia,65,2022,square,N,NA,6,170247.278,490923.856,17.04646389,49.156625,3,"Černčín, PR Hašky, cca 1,2 km V od kaple v obci",NA,TKK065,"stepní trávník ve svahu, mozaikovitá seč",NA,hlinitá,3,403489,0939-0949,7.61,Y,24,THE03,THE03
403646,1,NA,NA,16,290,135,3,-1,0,0,100,15,0,0,0,0,Y,Y,NA,NA,NA,Y,Y,SMoravia_basiphilous_grass,SMoravia,66,1980,NA,NA,NA,NA,170247.78,490921.92,17.04660556,49.15608889,0,"Černčín - stráň při okraji lesa Černecký hájek, cca 1,3 km V obce.",NA,NA,NA,NA,NA,0,0,NA,0,Y,24,THE03,THE03
791328,2,20220714,NA,16,315,120,5,0,0,0,90,15,0,0,40,130,N,N,Anchusa officinalis / Nonea pulla r,1,NA,Y,NA,SMoravia_basiphilous_grass,SMoravia,66,2022,square,N,NA,6,170243.409,490926.336,17.04538889,49.15731389,3,"Černčín, PR Hašky, cca 1,2 km V od kaple v obci",NA,TKK066,"stepní trávník zarůstající Calamagrostis epigejos, mezi pásy křovin, mozaikovitá seč",NA,hlinitá,3,403646,0950-0957,7.66,Y,24,THE,THE03
403609,1,NA,NA,16,280,315,10,-1,0,0,100,60,0,0,0,0,Y,Y,NA,NA,NA,Y,Y,SMoravia_basiphilous_grass,SMoravia,67,1980,NA,NA,NA,NA,170309.84,490912.47,17.05273333,49.15346389,0,"Milonice - stráně při okraji Milonického lesa, cca 1,4 km ZJZ obce.",NA,NA,NA,NA,NA,0,0,NA,0,Y,25,THE03,THE03
791329,2,20220716,NA,16,276,310,15,0,0,0,98,50,0,0,30,90,N,N,NA,1,NA,Y,NA,SMoravia_basiphilous_grass,SMoravia,67,2022,square,N,NA,6,170311.248,490913.037,17.05312222,49.15361944,3,"Milonice, PP Roviny, cca 1,4 km ZJZ od kostela sv. Petra a Pavla",NA,TKK067,"stepní trávník v mírném svahu, nad plochou prudší svah, pásy křovin, mozaikovitá seč",NA,hlinitá,3,403609,0970-0988,7.81,Y,25,THE03,THE03
403551,1,NA,NA,16,280,270,20,-1,0,0,100,45,0,0,0,0,Y,Y,NA,NA,NA,Y,Y,SMoravia_basiphilous_grass,SMoravia,68,1980,NA,NA,NA,NA,170309.84,490912.72,17.05273333,49.15353333,0,"Milonice - stráně při okraji Milonického lesa, cca 1,4 km ZJZ obce.",NA,NA,NA,NA,NA,0,0,NA,0,Y,25,THE03,THE03
791330,2,20220716,NA,16,282,240,20,0,0,0,95,25,0,0,30,130,N,N,NA,1,NA,Y,NA,SMoravia_basiphilous_grass,SMoravia,68,2022,square,N,NA,6,170314.364,490914.717,17.05398889,49.15408611,3,"Milonice, PP Roviny, cca 1,3 km ZJZ od kostela sv. Petra a Pavla",NA,TKK068,"stepní trávník mezi pásy křovin, mozaikovitá seč",NA,hlinitá,3,403551,0989-0005,7.57,Y,25,THE03,THE03
403491,1,NA,26AE,16,280,180,25,-1,0,0,90,0,0,0,0,0,Y,Y,Inulo (ensifoliae) - Caricetum humilis,NA,NA,Y,Y,SMoravia_basiphilous_grass,SMoravia,69,1980,NA,NA,NA,NA,170311.66,490918.36,17.05323889,49.1551,0,"Milonice - stráně při okraji Milonického lesa, cca 1,4 km ZJZ obce.",NA,NA,NA,NA,NA,0,0,NA,0,Y,25,THE03,THE03
791331,2,20220716,NA,16,279,180,20,0,0,0,95,10,0,0,20,90,N,N,Viola cf. hirta /,1,NA,Y,NA,SMoravia_basiphilous_grass,SMoravia,69,2022,square,N,NA,6,170308.331,490918.032,17.05231389,49.15500833,3,"Milonice, PP Roviny, cca 1,4 km ZJZ od kostela sv. Petra a Pavla",NA,TKK069,"stepní trávník ve svahu, kolem soliterní keře, pod plochou nora, mozaikovitá seč",NA,hlinitá,3,403491,0027-0039,7.73,Y,25,THE03,THE03
403490,1,NA,26AE,16,280,180,27,-1,0,0,90,1,0,0,0,0,Y,Y,Inulo (ensifoliae) - Caricetum humilis,NA,NA,Y,Y,SMoravia_basiphilous_grass,SMoravia,70,1980,NA,NA,NA,NA,170311.68,490918.35,17.05324444,49.15509722,0,"Milonice - stráně při okraji Milonického lesa, cca 1,4 km ZJZ obce.",NA,NA,NA,NA,NA,0,0,NA,0,Y,25,THE03,THE03
791332,2,20220716,NA,16,276,140,25,0,0,0,95,25,0,0,20,100,N,N,NA,1,NA,Y,NA,SMoravia_basiphilous_grass,SMoravia,70,2022,square,N,NA,6,170310.214,490916.685,17.05283611,49.15463333,3,"Milonice, PP Roviny, cca 1,4 km ZJZ od kostela sv. Petra a Pavla",NA,TKK070,"stepní trávník ve svahu, kolem soliterní keře, mozaikovitá seč",NA,hlinitá,3,403490,0040-0053,7.77,Y,25,THE03,THE03
403552,1,NA,NA,16,280,225,5,-1,0,0,100,40,0,0,0,0,Y,Y,NA,NA,NA,Y,Y,SMoravia_basiphilous_grass,SMoravia,71,1980,NA,NA,NA,NA,170309.92,490912.57,17.05275556,49.15349167,0,"Milonice - stráně při okraji Milonického lesa, cca 1,4 km ZJZ obce.",NA,NA,NA,NA,NA,0,0,NA,0,Y,25,THE03,THE03
791333,2,20220716,NA,16,289,190,15,0,0,0,95,5,0,0,40,130,N,N,NA,1,NA,Y,NA,SMoravia_basiphilous_grass,SMoravia,71,2022,square,N,NA,6,170312.76,490918.856,17.05354444,49.15523611,3,"Milonice, PP Roviny, cca 1,3 km ZJZ od kostela sv. Petra a Pavla",NA,TKK071,"stepní trávník ve svahu, kolem soliterní keře, lehce zarůstající juvenilními keři, dost stařiny",NA,hlinitá,3,403552,0054-0071,7.78,Y,25,THE03,THE03
403497,1,NA,26AE,16,250,225,25,-1,0,0,90,25,0,0,0,0,Y,Y,Inulo (ensifoliae) - Caricetum humilis,NA,NA,Y,Y,SMoravia_basiphilous_grass,SMoravia,72,1980,NA,NA,NA,NA,165657.72,490855.9,16.94936667,49.14886111,0,"Křižanovice - stráň, cca 1,1 km VSV od nádraží.",NA,NA,NA,NA,NA,0,0,NA,0,Y,26,THE03,THE03
791334,2,20220717,NA,16,255,240,23,0,0,0,80,10,0,0,20,120,N,N,Cirsium cf. vulgare,1,NA,Y,NA,SMoravia_basiphilous_grass,SMoravia,72,2022,square,N,NA,6,165657.862,490853.83,16.94940556,49.14828611,3,"Křižanovice, PP Člupy, cca 1,1 km VSV od železniční stanice",NA,TKK072,"stepní trávník v horní části svahu, pastva ovcí a koz",NA,hlinitá,3,403497,0087-0102,7.85,Y,26,THE01,THE03
403501,1,NA,26AE,16,260,135,30,-1,0,0,98,15,0,0,0,0,Y,Y,Inulo (ensifoliae) - Caricetum humilis,NA,NA,Y,Y,SMoravia_basiphilous_grass,SMoravia,73,1980,NA,NA,NA,NA,165730.87,490901.48,16.958575,49.15041111,0,"Marefy - travnaté stráně v okolí meruňkového sadu, cca 1 km Z od nádr. (SPR Šévy).",NA,NA,NA,NA,NA,0,0,NA,0,Y,26,THE,THE
791335,2,20220717,NA,16,283,145,25,0,0,0,70,20,0,0,15,90,N,N,NA,1,NA,Y,NA,SMoravia_basiphilous_grass,SMoravia,73,2022,square,N,NA,6,165727.292,490908.33,16.95758056,49.15231389,3,"Marefy, PP Člupy, cca 1,2 km ZSZ od železniční stanice",NA,TKK073,"stepní trávník v prudkém svahu, pastva ovcí a koz",NA,hlinitá,3,403501,"0111-0115, 0118-0128",7.83,Y,26,THE03,THE
403484,1,NA,26AE,16,260,135,8,-1,0,0,100,10,0,0,0,0,Y,Y,Inulo (ensifoliae) - Caricetum humilis,NA,NA,Y,Y,SMoravia_basiphilous_grass,SMoravia,74,1980,NA,NA,NA,NA,165734.79,490909.64,16.95966389,49.15267778,0,"Marefy - travnaté stráně v okolí meruňkového sadu (J,V,Z expozice), cca 1 km Z (-SSZ) od nádraží.",NA,NA,NA,NA,NA,0,0,NA,0,Y,26,THE03,THE03
791336,2,20220717,NA,16,292,130,10,0,0,0,80,5,0,0,15,70,N,N,NA,1,NA,Y,NA,SMoravia_basiphilous_grass,SMoravia,74,2022,square,N,NA,6,165731.796,490912.068,16.95883056,49.15335,3,"Marefy, PP Člupy, cca 1,1 km SZ od železniční stanice",NA,TKK074,"stepní trávník v horní části svahu, pastva ovcí a koz",NA,hlinitá,3,403484,0132-0142,7.82,Y,26,THG,THE03
403502,1,NA,26AE,16,260,225,30,-1,0,0,93,10,0,0,0,0,Y,Y,Inulo (ensifoliae) - Caricetum humilis,NA,NA,Y,Y,SMoravia_basiphilous_grass,SMoravia,75,1980,NA,NA,NA,NA,165730.83,490901.44,16.95856389,49.1504,0,"Marefy - travnaté stráně v okolí meruňkového sadu, cca 1 km Z od nádr. (SPR Šévy).",NA,NA,NA,NA,NA,0,0,NA,0,Y,26,THD01,THD01
791337,2,20220717,NA,16,280,200,30,0,0,0,70,2,0,0,25,90,N,N,NA,1,NA,Y,NA,SMoravia_basiphilous_grass,SMoravia,75,2022,square,N,NA,6,165732.206,490910.563,16.95894444,49.15293333,3,"Marefy, PP Člupy, cca 1,1 km SZ od železniční stanice",NA,TKK075,"stepní trávník v prudkém svahu, pastva ovcí a koz, v okolí občas juvenilní keře, nad plochou nora",NA,hlinitá,3,403502,0143-0157,7.92,Y,26,THD01,THD01
403635,1,NA,NA,16,280,180,10,-1,0,0,90,5,0,0,0,0,Y,Y,NA,NA,NA,Y,Y,SMoravia_basiphilous_grass,SMoravia,76,1980,NA,NA,NA,NA,170033.3,490705.34,17.00925,49.11815,0,"Kloboučky - zarůstající stráňky, cca 1,5 km J od obce.",NA,NA,NA,NA,NA,0,0,NA,0,N,27,THE03,THE03
791338,2,20220718,NA,16,280,240,13,0,0,10,90,30,0,1,50,140,N,N,NA,1,NA,Y,NA,SMoravia_basiphilous_grass,SMoravia,76,2022,square,N,NA,6,170032.058,490706.472,17.00890278,49.11846389,3,"Kloboučky, zarůstající stráňky, cca 1,5 km J od kaple v obci",NA,TKK076,"zarůstající stráňka, okus zvěří, dost stařiny, kousek od plochy nora, kolem křoviny",NA,hlinitá,3,403635,0158-0169,7.71,N,27,THE,THE03
403602,1,NA,NA,16,280,180,35,-1,0,0,97,10,0,0,0,0,Y,Y,NA,NA,NA,Y,Y,SMoravia_basiphilous_grass,SMoravia,77,1980,NA,NA,NA,NA,170033.39,490705.38,17.009275,49.11816111,0,"Kloboučky - zarůstající stráňky, cca 1,5 km J od obce.",NA,NA,NA,NA,NA,0,0,NA,0,N,27,THE,THE
791339,2,20220718,NA,16,306,250,22,0,0,0,90,20,0,0,60,170,N,N,NA,1,NA,Y,NA,SMoravia_basiphilous_grass,SMoravia,77,2022,square,N,NA,6,170035.7,490705.579,17.00991667,49.11821389,3,"Kloboučky, zarůstající stráňky, cca 1,5 km J od kaple v obci",NA,TKK077,"zarůstající stráňka u krmelce, dost stařiny, kolem křoviny",NA,hlinitá,3,403602,0170-0179,7.71,N,27,THE,THE
403627,1,NA,NA,16,270,225,7,-1,0,0,100,20,0,0,0,0,Y,Y,NA,NA,NA,Y,Y,SMoravia_basiphilous_grass,SMoravia,78,1980,NA,NA,NA,NA,170707.14,490935.53,17.11865,49.15986944,0,"Dobročkovice - remízek v polích, cca 0,7 km JV (-VJV) obce.",NA,NA,NA,NA,NA,0,0,NA,0,N,28,THE,THE
791340,2,20220727,NA,16,265,220,10,0,0,10,70,25,0,1,35,110,N,N,Orobanche sp. = O. flava/kochii/alba,1,NA,Y,NA,SMoravia_basiphilous_grass,SMoravia,78,2022,square,N,NA,6,170709.054,490933.852,17.11918056,49.15940278,3,"Dobročkovice, remízek v polích cca 1,1 km VJV od kostela Všech svatých",NA,TKK078,"okraj remízku v polích, v okolí křoviny, zarůstání, srnky",NA,hlinitá,3,403627,0186-0200,7.78,N,28,THE,THE
403629,1,NA,NA,16,290,270,30,-1,0,0,100,30,0,0,0,0,Y,Y,NA,NA,NA,Y,Y,SMoravia_basiphilous_grass,SMoravia,79,1980,NA,NA,NA,NA,170646.57,490956.67,17.11293611,49.16574167,0,"Dobročkovice - zarůstající stráňky, cca 0,4 km SV obce.",NA,NA,NA,NA,NA,0,0,NA,0,N,29,THF,THF
791341,2,20220727,NA,16,306,285,30,0,0,30,70,30,0,1.5,40,150,N,N,NA,1,NA,Y,NA,SMoravia_basiphilous_grass,SMoravia,79,2022,square,N,NA,6,170655.626,490956.382,17.11545,49.16566111,3,"Dobročkovice, křovinatá stráň na SV okraji obce, cca 0,8 km VSV od kostela Všech svatých",NA,TKK079,"zarůstajícící širokolistý trávník na okraji remízku, juvenilní keře, hodně stařiny, srnky",NA,hlinitá,3,403629,0232-0242,7.7,N,29,THF,THF
403548,1,NA,NA,16,290,225,30,-1,0,0,100,10,0,0,0,0,Y,Y,NA,NA,NA,Y,Y,SMoravia_basiphilous_grass,SMoravia,80,1980,NA,NA,NA,NA,170646.1,490956.58,17.11280556,49.16571667,0,"Dobročkovice - zarůstající stráňky, cca 0,4 km SV obce.",NA,NA,NA,NA,NA,0,0,NA,0,N,29,THF,THF
791342,2,20220727,NA,16,301,270,20,0,0,10,80,20,0,1,35,120,N,N,NA,1,NA,Y,NA,SMoravia_basiphilous_grass,SMoravia,80,2022,square,N,NA,6,170657.317,490957.56,17.11591944,49.16598889,3,"Dobročkovice, křovinatá stráň na SV okraji obce, cca 0,8 km VSV od kostela Všech svatých",NA,TKK080,"zarůstajícící širokolistý trávník na mezi křovinami, juvenilní keře, hodně stařiny, srnky",NA,hlinitá,3,403548,0243-0254,7.59,N,29,THH,THF
403628,1,NA,NA,16,290,225,5,-1,0,0,98,30,0,0,0,0,Y,Y,NA,NA,NA,Y,Y,SMoravia_basiphilous_grass,SMoravia,81,1980,NA,NA,NA,NA,170646.42,490956.51,17.11289444,49.16569722,0,"Dobročkovice - zarůstající stráňky, cca 0,4 km SV obce.",NA,NA,NA,NA,NA,0,0,NA,0,N,29,THE,THE
791343,2,20220727,NA,16,300,NA,0,0,0,0,80,20,0,0,30,110,N,N,NA,1,NA,Y,NA,SMoravia_basiphilous_grass,SMoravia,81,2022,square,N,NA,6,170649.919,490952.353,17.11386389,49.16454167,3,"Dobročkovice, travnatý pás mezi remízky, cca 0,8 km VSV od kostela Všech svatých",NA,TKK081,"širokolistý trávník mezi remízky, z jedné strany plochy vysekaná cesta z druhé potůček, dost stařiny",NA,hlinitá,3,403628,0255-0266,7.74,N,29,THE,THE
403644,1,NA,NA,16,320,270,10,-1,0,0,100,3,0,0,0,0,Y,Y,NA,NA,NA,Y,Y,SMoravia_basiphilous_grass,SMoravia,82,1980,NA,NA,NA,NA,171335.27,491055.86,17.22646389,49.18218333,0,"Strabenice - stráňka s opuštěným sadem, cca 0,8 km J-JJZ obce.",NA,NA,NA,NA,NA,0,0,NA,0,N,30,THE,THE
791344,2,20220811,NA,16,343,250,10,0,0,8,80,5,0,1.3,50,150,N,N,NA,1,NA,Y,NA,SMoravia_basiphilous_grass,SMoravia,82,2022,square,N,NA,6,171337.27,491059.677,17.22701944,49.18324167,3,"Strabenice, zarůstající stráň cca 0,8 km JJZ od kaple Nanebevzetí Panny Marie",NA,TKK082,"trávník s Clmgr epigejos při okraji pole, zarůstání dřevinami, srnky, divočáci",NA,hlinitá,3,403644,0001-0011,7.58,N,30,THE,THE
403623,1,NA,NA,16,320,315,35,-1,0,0,100,35,0,0,0,0,Y,Y,NA,NA,NA,Y,Y,SMoravia_basiphilous_grass,SMoravia,83,1980,NA,NA,NA,NA,171340,491055,17.22777778,49.18194444,0,"Strabenice - stráňka s opuštěným sadem, cca 0,8 km J-JJZ obce.",NA,NA,NA,NA,NA,0,0,NA,0,N,30,THE,THE
791345,2,20220811,NA,16,327,310,30,0,0,10,60,3,0,2,40,100,N,N,NA,1,NA,Y,NA,SMoravia_basiphilous_grass,SMoravia,83,2022,square,N,NA,6,171334.863,491101.208,17.22635,49.18366667,3,"Strabenice, zarůstající stráň cca 0,7 km JJZ od kaple Nanebevzetí Panny Marie",NA,TKK083,"stepní trávník na okraji pole, zarůstání dřevinami, srnky, divočáci",NA,hlinitá,3,403623,0012-0021,7.79,N,30,THF,THE
403556,1,NA,NA,16,320,225,8,-1,0,0,98,30,0,0,0,0,Y,Y,NA,NA,NA,Y,Y,SMoravia_basiphilous_grass,SMoravia,84,1980,NA,NA,NA,NA,171335.87,491054.59,17.22663056,49.18183056,0,"Strabenice - stráňka s opuštěným sadem, cca 0,8 km J-JJZ obce.",NA,NA,NA,NA,NA,0,0,NA,0,N,30,THF,THF
791346,2,20220811,NA,16,336,250,13,0,0,5,60,10,0,2.5,30,110,N,N,NA,1,NA,Y,NA,SMoravia_basiphilous_grass,SMoravia,84,2022,square,N,NA,6,171337.725,491054.639,17.22714444,49.18184167,3,"Strabenice, zarůstající stráň cca 0,8 km JJZ od kaple Nanebevzetí Panny Marie",NA,TKK084,"stepní trávník mezi křovinami, zarůstání dřevinami, srnky, divočáci",NA,hlinitá,3,403556,0022-0034,7.81,N,30,THE,THF
403480,1,NA,21AA01,16,320,270,8,-1,0,0,100,40,0,0,0,0,Y,Y,NA,NA,NA,Y,Y,SMoravia_basiphilous_grass,SMoravia,85,1980,NA,NA,NA,NA,171335.21,491056,17.22644722,49.18222222,0,"Strabenice - stráňka s opuštěným sadem (Z-JZ expozice), cca 0,8 km J-JJZ obce.",NA,NA,NA,NA,NA,0,0,NA,0,N,30,TDA03,TDA03
791347,2,20220811,NA,16,328,230,8,0,0,5,80,3,0,2.5,40,120,N,N,NA,1,NA,Y,NA,SMoravia_basiphilous_grass,SMoravia,85,2022,square,N,NA,6,171337.214,491054.327,17.22700278,49.18175556,3,"Strabenice, zarůstající stráň cca 0,8 km JJZ od kaple Nanebevzetí Panny Marie",NA,TKK085,"stepní trávník mezi křovinami, zarůstání dřevinami, kopřivami, Clmgr, srnky, divočáci",NA,hlinitá,3,403480,0035-0044,7.45,N,30,TDA,TDA03
403579,1,NA,NA,16,290,360,17,-1,0,0,100,45,0,0,0,0,Y,Y,NA,NA,NA,Y,Y,SMoravia_basiphilous_grass,SMoravia,86,1980,NA,NA,NA,NA,170742.26,490606.47,17.12840556,49.10179722,0,"Mouchnice - stráňka na S až SZ svahu, cca 1 km JJZ obce.",NA,NA,NA,NA,NA,0,0,NA,0,N,31,THF,THF
791348,2,20220812,NA,16,294,280,15,0,0,0,90,0,0,0,30,100,N,N,NA,1,NA,Y,NA,SMoravia_basiphilous_grass,SMoravia,86,2022,square,N,NA,6,170741.201,490604.475,17.12811111,49.10124167,3,"Mouchnice, stráňka cca 1,3 km JJZ od kaple sv. Cyrila a Metoděje",NA,TKK086,"mezofilní trávník ve střední části S orientovaného svahu, sečené, okus zvěří",NA,hlinitá,3,403579,0001-0017,6.86,N,31,TDA,THF
403580,1,NA,NA,16,290,135,18,-1,0,0,96,30,0,0,0,0,Y,Y,NA,NA,NA,Y,Y,SMoravia_basiphilous_grass,SMoravia,87,1980,NA,NA,NA,NA,170734.9,490617.68,17.12636111,49.10491111,0,"Mouchnice - stráňky na Z a JZ svazích, cca 0,9 JZ (-JJZ) od obce.",NA,NA,NA,NA,NA,0,0,NA,0,N,32,THH,THH
791349,2,20220812,NA,16,273,160,18,0,0,0,95,10,0,0,30,110,N,N,NA,1,NA,Y,NA,SMoravia_basiphilous_grass,SMoravia,87,2022,square,N,NA,6,170732.947,490614.758,17.12581667,49.10409722,3,"Mouchnice, stráňka cca 1 km JZ od kaple sv. Cyrila a Metoděje",NA,TKK087,"stepní trávník v na stráňce, v okolí sady, akáty, liščí nora, okus zvěří",NA,hlinitá,3,403580,0038-0046,7.84,N,32,THE03,THH
403589,1,NA,NA,16,280,180,25,-1,0,0,96,10,0,0,0,0,Y,Y,NA,NA,NA,Y,Y,SMoravia_basiphilous_grass,SMoravia,88,1980,NA,NA,NA,NA,170712.12,490654.1,17.12003333,49.11502778,0,"Mouchnice - JV okraj lesa Nemotínek s přilehlou stráňkou a úvozem, cca 1,1 km SZ obce.",NA,NA,NA,NA,NA,0,0,NA,0,N,33,THE,THE
791350,2,20220812,NA,16,299,140,25,0,0,2,90,10,0,1.5,80,150,N,N,NA,1,NA,Y,NA,SMoravia_basiphilous_grass,SMoravia,88,2022,square,N,NA,6,170710.914,490655.588,17.11969722,49.11543889,3,"Mouchnice, JV okraj lesa Nemotínek, 1,2 km SZ od kaple sv. Cyrila a Metoděje",NA,TKK088,"světlina mezi křovinami, zarostlé Solidago gigantea, hodně stařiny, srnky, divočáci",NA,hlinitá,3,403589,0047-0058,7.76,N,33,XCB09,THE
403531,1,NA,NA,16,270,90,35,-1,0,0,92,5,0,0,0,0,Y,Y,NA,NA,NA,Y,Y,SMoravia_basiphilous_grass,SMoravia,89,1980,NA,NA,NA,NA,170749.26,490655.48,17.13035,49.11541111,0,"Mouchnice - hluboký úvoz při SZ okraji obce (cca 0,5 km SZ od středu obce).",NA,NA,NA,NA,NA,0,0,NA,0,N,34,THE01,THE01
791351,2,20220812,NA,16,269,70,20,0,0,0,90,10,0,0,15,70,N,N,NA,1,NA,Y,NA,SMoravia_basiphilous_grass,SMoravia,89,2022,square,N,NA,6,170752.022,490701.793,17.13111667,49.11716389,3,"Mouchnice, travnatý svah na SZ okraji obce, cca 0,7 km SSZ od kaple sv. Cyrila a Metoděje",NA,TKK089,"širokolistý trávník v horní části svahu, sečené, nora",NA,hlinitá,3,403531,0059-0070,7.62,N,34,THF,THE01
403591,1,NA,NA,16,280,270,17,-1,0,0,98,60,0,0,0,0,Y,Y,NA,NA,NA,Y,Y,SMoravia_basiphilous_grass,SMoravia,90,1980,NA,NA,NA,NA,170336.82,490803.18,17.06022778,49.13421667,0,"Nevojice - stráňka, cca 0,9 km JV od nádraží.",NA,NA,NA,NA,NA,0,0,NA,0,N,35,THE,THE
791352,2,20220813,NA,16,289,245,20,0,0,0,85,20,0,0,35,140,N,N,NA,1,NA,Y,NA,SMoravia_basiphilous_grass,SMoravia,90,2022,square,N,NA,6,170337.455,490804.107,17.06040278,49.13447222,3,"Nevojice, stráňka cca 0,9 km VJV od nádraží",NA,TKK090,"stepní trávník ve střední části svahu, dost stařiny, juvenilní keře, suché dřevo, nora, divočáci",NA,hlinitá,3,403591,0077-0087,7.85,N,35,THE,THE
403647,1,NA,NA,16,280,270,15,-1,0,0,100,10,0,0,0,0,Y,Y,NA,NA,NA,Y,Y,SMoravia_basiphilous_grass,SMoravia,91,1980,NA,NA,NA,NA,170339.81,490751.92,17.06105833,49.13108889,0,"Nevojice - stráňka, cca 0,9 km JV od nádraží.",NA,NA,NA,NA,NA,0,0,NA,0,N,35,THE,THE
791353,2,20220813,NA,16,283,245,15,0,0,0,90,0,0,0,40,140,N,N,NA,1,NA,Y,NA,SMoravia_basiphilous_grass,SMoravia,91,2022,square,N,NA,6,170335.747,490803.092,17.05992778,49.13419167,3,"Nevojice, stráňka cca 0,9 km VJV od nádraží",NA,TKK091,"stepní trávník v dolní části svahu, dost stařiny, juvenilní keře, suché dřevo, divočáci",NA,hlinitá,3,403647,0088-0100,7.8,N,35,THE,THE
